{
    "mean_error": {
        "average": 0.058578945521230094,
        "median": 0.057546995177196324,
        "std_dev": 0.01809080003459037
    },
    "max_error": {
        "average": 0.144602929280641,
        "median": 0.15637637656877246,
        "std_dev": 0.04074794222184763
    }
}