{
    "mean_error": {
        "average": 0.05824541847202033,
        "median": 0.05693470990171967,
        "std_dev": 0.019299252521208916
    },
    "max_error": {
        "average": 0.1398607795548569,
        "median": 0.1426177282980916,
        "std_dev": 0.04136115828200977
    }
}