{
    "mean_error": {
        "average": 0.06036993360898368,
        "median": 0.061810827533299015,
        "std_dev": 0.019898474151613384
    },
    "max_error": {
        "average": 0.14663102563171704,
        "median": 0.1616951748826878,
        "std_dev": 0.04119594788834704
    }
}